{
  "DEFAULT": {
    "wue_L_per_kWh": 0.3,
    "grid_g_per_kWh": 400,
    "grid_hourly_factor": [
      0.85,
      0.82,
      0.82,
      0.82,
      0.84,
      0.88,
      0.95,
      1.0,
      1.05,
      1.08,
      1.1,
      1.12,
      1.1,
      1.08,
      1.05,
      1.03,
      1.02,
      1.05,
      1.12,
      1.18,
      1.2,
      1.1,
      0.95,
      0.88
    ],
    "wue_hourly_factor": [
      1.0,
      1.0,
      1.0,
      1.0,
      1.0,
      1.0,
      1.0,
      1.0,
      1.0,
      1.0,
      1.0,
      1.0,
      1.0,
      1.0,
      1.0,
      1.0,
      1.0,
      1.0,
      1.0,
      1.0,
      1.0,
      1.0,
      1.0,
      1.0
    ]
  },
  "NL": {
    "wue_L_per_kWh": 0.04,
    "grid_g_per_kWh": 290,
    "grid_hourly_factor": [
      0.82,
      0.8,
      0.8,
      0.8,
      0.82,
      0.86,
      0.92,
      0.98,
      1.02,
      1.06,
      1.08,
      1.1,
      1.08,
      1.05,
      1.03,
      1.02,
      1.0,
      1.04,
      1.1,
      1.16,
      1.18,
      1.08,
      0.92,
      0.86
    ],
    "wue_hourly_factor": [
      1.0,
      1.0,
      1.0,
      1.0,
      1.0,
      1.0,
      1.0,
      1.0,
      1.0,
      1.0,
      1.0,
      1.0,
      1.0,
      1.0,
      1.0,
      1.0,
      1.0,
      1.0,
      1.0,
      1.0,
      1.0,
      1.0,
      1.0,
      1.0
    ]
  },
  "US": {
    "wue_L_per_kWh": 0.3,
    "grid_g_per_kWh": 386,
    "grid_hourly_factor": [
      0.85,
      0.83,
      0.83,
      0.83,
      0.85,
      0.9,
      0.96,
      1.02,
      1.06,
      1.1,
      1.12,
      1.15,
      1.12,
      1.08,
      1.05,
      1.03,
      1.02,
      1.06,
      1.12,
      1.18,
      1.2,
      1.12,
      0.96,
      0.9
    ],
    "wue_hourly_factor": [
      1.0,
      1.0,
      1.0,
      1.0,
      1.0,
      1.0,
      1.0,
      1.0,
      1.0,
      1.0,
      1.0,
      1.0,
      1.0,
      1.0,
      1.0,
      1.0,
      1.0,
      1.0,
      1.0,
      1.0,
      1.0,
      1.0,
      1.0,
      1.0
    ],
    "subregions": {
      "US-AZ": {
        "wue_L_per_kWh": 1.52,
        "grid_g_per_kWh": 489,
        "grid_hourly_factor": [
          0.86,
          0.84,
          0.84,
          0.84,
          0.86,
          0.92,
          0.98,
          1.04,
          1.08,
          1.12,
          1.14,
          1.16,
          1.14,
          1.1,
          1.06,
          1.04,
          1.02,
          1.06,
          1.12,
          1.2,
          1.22,
          1.12,
          0.96,
          0.9
        ],
        "wue_hourly_factor": [
          1.0,
          1.0,
          1.0,
          1.0,
          1.0,
          1.0,
          1.0,
          1.0,
          1.0,
          1.0,
          1.0,
          1.0,
          1.0,
          1.0,
          1.0,
          1.0,
          1.0,
          1.0,
          1.0,
          1.0,
          1.0,
          1.0,
          1.0,
          1.0
        ]
      },
      "US-CA": {
        "wue_L_per_kWh": 0.2,
        "grid_g_per_kWh": 210,
        "grid_hourly_factor": [
          0.8,
          0.78,
          0.78,
          0.78,
          0.8,
          0.84,
          0.9,
          0.96,
          1.02,
          1.05,
          1.06,
          1.08,
          1.06,
          1.04,
          1.02,
          1.0,
          0.98,
          1.02,
          1.08,
          1.14,
          1.16,
          1.06,
          0.9,
          0.84
        ],
        "wue_hourly_factor": [
          1.0,
          1.0,
          1.0,
          1.0,
          1.0,
          1.0,
          1.0,
          1.0,
          1.0,
          1.0,
          1.0,
          1.0,
          1.0,
          1.0,
          1.0,
          1.0,
          1.0,
          1.0,
          1.0,
          1.0,
          1.0,
          1.0,
          1.0,
          1.0
        ]
      }
    }
  },
  "CA": {
    "wue_L_per_kWh": 0.15,
    "grid_g_per_kWh": 150,
    "grid_hourly_factor": [
      0.8,
      0.78,
      0.78,
      0.78,
      0.8,
      0.85,
      0.9,
      0.95,
      1.0,
      1.05,
      1.07,
      1.08,
      1.06,
      1.04,
      1.02,
      1.0,
      0.98,
      1.02,
      1.06,
      1.1,
      1.12,
      1.04,
      0.9,
      0.85
    ],
    "wue_hourly_factor": [
      1.0,
      1.0,
      1.0,
      1.0,
      1.0,
      1.0,
      1.0,
      1.0,
      1.0,
      1.0,
      1.0,
      1.0,
      1.0,
      1.0,
      1.0,
      1.0,
      1.0,
      1.0,
      1.0,
      1.0,
      1.0,
      1.0,
      1.0,
      1.0
    ]
  },
  "BR": {
    "wue_L_per_kWh": 0.2,
    "grid_g_per_kWh": 100,
    "grid_hourly_factor": [
      0.82,
      0.82,
      0.82,
      0.82,
      0.82,
      0.82,
      0.82,
      0.82,
      0.82,
      0.82,
      0.82,
      0.82,
      0.82,
      0.82,
      0.82,
      0.82,
      0.82,
      0.82,
      0.82,
      0.82,
      0.82,
      0.82,
      0.82,
      0.82
    ],
    "wue_hourly_factor": [
      1.0,
      1.0,
      1.0,
      1.0,
      1.0,
      1.0,
      1.0,
      1.0,
      1.0,
      1.0,
      1.0,
      1.0,
      1.0,
      1.0,
      1.0,
      1.0,
      1.0,
      1.0,
      1.0,
      1.0,
      1.0,
      1.0,
      1.0,
      1.0
    ]
  },
  "MX": {
    "wue_L_per_kWh": 0.3,
    "grid_g_per_kWh": 450,
    "grid_hourly_factor": [
      0.85,
      0.85,
      0.85,
      0.85,
      0.85,
      0.85,
      0.85,
      0.85,
      0.85,
      0.85,
      0.85,
      0.85,
      0.85,
      0.85,
      0.85,
      0.85,
      0.85,
      0.85,
      0.85,
      0.85,
      0.85,
      0.85,
      0.85,
      0.85
    ],
    "wue_hourly_factor": [
      1.0,
      1.0,
      1.0,
      1.0,
      1.0,
      1.0,
      1.0,
      1.0,
      1.0,
      1.0,
      1.0,
      1.0,
      1.0,
      1.0,
      1.0,
      1.0,
      1.0,
      1.0,
      1.0,
      1.0,
      1.0,
      1.0,
      1.0,
      1.0
    ]
  },
  "AR": {
    "wue_L_per_kWh": 0.3,
    "grid_g_per_kWh": 400,
    "grid_hourly_factor": [
      0.9,
      0.9,
      0.9,
      0.9,
      0.9,
      0.9,
      0.9,
      0.9,
      0.9,
      0.9,
      0.9,
      0.9,
      0.9,
      0.9,
      0.9,
      0.9,
      0.9,
      0.9,
      0.9,
      0.9,
      0.9,
      0.9,
      0.9,
      0.9
    ],
    "wue_hourly_factor": [
      1.0,
      1.0,
      1.0,
      1.0,
      1.0,
      1.0,
      1.0,
      1.0,
      1.0,
      1.0,
      1.0,
      1.0,
      1.0,
      1.0,
      1.0,
      1.0,
      1.0,
      1.0,
      1.0,
      1.0,
      1.0,
      1.0,
      1.0,
      1.0
    ]
  },
  "CL": {
    "wue_L_per_kWh": 0.25,
    "grid_g_per_kWh": 350,
    "grid_hourly_factor": [
      0.9,
      0.9,
      0.9,
      0.9,
      0.9,
      0.9,
      0.9,
      0.9,
      0.9,
      0.9,
      0.9,
      0.9,
      0.9,
      0.9,
      0.9,
      0.9,
      0.9,
      0.9,
      0.9,
      0.9,
      0.9,
      0.9,
      0.9,
      0.9
    ],
    "wue_hourly_factor": [
      1.0,
      1.0,
      1.0,
      1.0,
      1.0,
      1.0,
      1.0,
      1.0,
      1.0,
      1.0,
      1.0,
      1.0,
      1.0,
      1.0,
      1.0,
      1.0,
      1.0,
      1.0,
      1.0,
      1.0,
      1.0,
      1.0,
      1.0,
      1.0
    ]
  },
  "CO": {
    "wue_L_per_kWh": 0.2,
    "grid_g_per_kWh": 200,
    "grid_hourly_factor": [
      0.88,
      0.88,
      0.88,
      0.88,
      0.88,
      0.88,
      0.88,
      0.88,
      0.88,
      0.88,
      0.88,
      0.88,
      0.88,
      0.88,
      0.88,
      0.88,
      0.88,
      0.88,
      0.88,
      0.88,
      0.88,
      0.88,
      0.88,
      0.88
    ],
    "wue_hourly_factor": [
      1.0,
      1.0,
      1.0,
      1.0,
      1.0,
      1.0,
      1.0,
      1.0,
      1.0,
      1.0,
      1.0,
      1.0,
      1.0,
      1.0,
      1.0,
      1.0,
      1.0,
      1.0,
      1.0,
      1.0,
      1.0,
      1.0,
      1.0,
      1.0
    ]
  },
  "UK": {
    "wue_L_per_kWh": 0.12,
    "grid_g_per_kWh": 220,
    "grid_hourly_factor": [
      0.82,
      0.82,
      0.82,
      0.82,
      0.82,
      0.82,
      0.82,
      0.82,
      0.82,
      0.82,
      0.82,
      0.82,
      0.82,
      0.82,
      0.82,
      0.82,
      0.82,
      0.82,
      0.82,
      0.82,
      0.82,
      0.82,
      0.82,
      0.82
    ],
    "wue_hourly_factor": [
      1.0,
      1.0,
      1.0,
      1.0,
      1.0,
      1.0,
      1.0,
      1.0,
      1.0,
      1.0,
      1.0,
      1.0,
      1.0,
      1.0,
      1.0,
      1.0,
      1.0,
      1.0,
      1.0,
      1.0,
      1.0,
      1.0,
      1.0,
      1.0
    ]
  },
  "IE": {
    "wue_L_per_kWh": 0.1,
    "grid_g_per_kWh": 300,
    "grid_hourly_factor": [
      0.9,
      0.9,
      0.9,
      0.9,
      0.9,
      0.9,
      0.9,
      0.9,
      0.9,
      0.9,
      0.9,
      0.9,
      0.9,
      0.9,
      0.9,
      0.9,
      0.9,
      0.9,
      0.9,
      0.9,
      0.9,
      0.9,
      0.9,
      0.9
    ],
    "wue_hourly_factor": [
      1.0,
      1.0,
      1.0,
      1.0,
      1.0,
      1.0,
      1.0,
      1.0,
      1.0,
      1.0,
      1.0,
      1.0,
      1.0,
      1.0,
      1.0,
      1.0,
      1.0,
      1.0,
      1.0,
      1.0,
      1.0,
      1.0,
      1.0,
      1.0
    ]
  },
  "FR": {
    "wue_L_per_kWh": 0.15,
    "grid_g_per_kWh": 60,
    "grid_hourly_factor": [
      0.85,
      0.85,
      0.85,
      0.85,
      0.85,
      0.85,
      0.85,
      0.85,
      0.85,
      0.85,
      0.85,
      0.85,
      0.85,
      0.85,
      0.85,
      0.85,
      0.85,
      0.85,
      0.85,
      0.85,
      0.85,
      0.85,
      0.85,
      0.85
    ],
    "wue_hourly_factor": [
      1.0,
      1.0,
      1.0,
      1.0,
      1.0,
      1.0,
      1.0,
      1.0,
      1.0,
      1.0,
      1.0,
      1.0,
      1.0,
      1.0,
      1.0,
      1.0,
      1.0,
      1.0,
      1.0,
      1.0,
      1.0,
      1.0,
      1.0,
      1.0
    ]
  },
  "DE": {
    "wue_L_per_kWh": 0.2,
    "grid_g_per_kWh": 350,
    "grid_hourly_factor": [
      0.9,
      0.9,
      0.9,
      0.9,
      0.9,
      0.9,
      0.9,
      0.9,
      0.9,
      0.9,
      0.9,
      0.9,
      0.9,
      0.9,
      0.9,
      0.9,
      0.9,
      0.9,
      0.9,
      0.9,
      0.9,
      0.9,
      0.9,
      0.9
    ],
    "wue_hourly_factor": [
      1.0,
      1.0,
      1.0,
      1.0,
      1.0,
      1.0,
      1.0,
      1.0,
      1.0,
      1.0,
      1.0,
      1.0,
      1.0,
      1.0,
      1.0,
      1.0,
      1.0,
      1.0,
      1.0,
      1.0,
      1.0,
      1.0,
      1.0,
      1.0
    ]
  },
  "ES": {
    "wue_L_per_kWh": 0.18,
    "grid_g_per_kWh": 220,
    "grid_hourly_factor": [
      0.9,
      0.9,
      0.9,
      0.9,
      0.9,
      0.9,
      0.9,
      0.9,
      0.9,
      0.9,
      0.9,
      0.9,
      0.9,
      0.9,
      0.9,
      0.9,
      0.9,
      0.9,
      0.9,
      0.9,
      0.9,
      0.9,
      0.9,
      0.9
    ],
    "wue_hourly_factor": [
      1.0,
      1.0,
      1.0,
      1.0,
      1.0,
      1.0,
      1.0,
      1.0,
      1.0,
      1.0,
      1.0,
      1.0,
      1.0,
      1.0,
      1.0,
      1.0,
      1.0,
      1.0,
      1.0,
      1.0,
      1.0,
      1.0,
      1.0,
      1.0
    ]
  },
  "IT": {
    "wue_L_per_kWh": 0.18,
    "grid_g_per_kWh": 300,
    "grid_hourly_factor": [
      0.92,
      0.92,
      0.92,
      0.92,
      0.92,
      0.92,
      0.92,
      0.92,
      0.92,
      0.92,
      0.92,
      0.92,
      0.92,
      0.92,
      0.92,
      0.92,
      0.92,
      0.92,
      0.92,
      0.92,
      0.92,
      0.92,
      0.92,
      0.92
    ],
    "wue_hourly_factor": [
      1.0,
      1.0,
      1.0,
      1.0,
      1.0,
      1.0,
      1.0,
      1.0,
      1.0,
      1.0,
      1.0,
      1.0,
      1.0,
      1.0,
      1.0,
      1.0,
      1.0,
      1.0,
      1.0,
      1.0,
      1.0,
      1.0,
      1.0,
      1.0
    ]
  },
  "PT": {
    "wue_L_per_kWh": 0.18,
    "grid_g_per_kWh": 200,
    "grid_hourly_factor": [
      0.9,
      0.9,
      0.9,
      0.9,
      0.9,
      0.9,
      0.9,
      0.9,
      0.9,
      0.9,
      0.9,
      0.9,
      0.9,
      0.9,
      0.9,
      0.9,
      0.9,
      0.9,
      0.9,
      0.9,
      0.9,
      0.9,
      0.9,
      0.9
    ],
    "wue_hourly_factor": [
      1.0,
      1.0,
      1.0,
      1.0,
      1.0,
      1.0,
      1.0,
      1.0,
      1.0,
      1.0,
      1.0,
      1.0,
      1.0,
      1.0,
      1.0,
      1.0,
      1.0,
      1.0,
      1.0,
      1.0,
      1.0,
      1.0,
      1.0,
      1.0
    ]
  },
  "BE": {
    "wue_L_per_kWh": 0.15,
    "grid_g_per_kWh": 250,
    "grid_hourly_factor": [
      0.88,
      0.88,
      0.88,
      0.88,
      0.88,
      0.88,
      0.88,
      0.88,
      0.88,
      0.88,
      0.88,
      0.88,
      0.88,
      0.88,
      0.88,
      0.88,
      0.88,
      0.88,
      0.88,
      0.88,
      0.88,
      0.88,
      0.88,
      0.88
    ],
    "wue_hourly_factor": [
      1.0,
      1.0,
      1.0,
      1.0,
      1.0,
      1.0,
      1.0,
      1.0,
      1.0,
      1.0,
      1.0,
      1.0,
      1.0,
      1.0,
      1.0,
      1.0,
      1.0,
      1.0,
      1.0,
      1.0,
      1.0,
      1.0,
      1.0,
      1.0
    ]
  },
  "LU": {
    "wue_L_per_kWh": 0.12,
    "grid_g_per_kWh": 150,
    "grid_hourly_factor": [
      0.86,
      0.86,
      0.86,
      0.86,
      0.86,
      0.86,
      0.86,
      0.86,
      0.86,
      0.86,
      0.86,
      0.86,
      0.86,
      0.86,
      0.86,
      0.86,
      0.86,
      0.86,
      0.86,
      0.86,
      0.86,
      0.86,
      0.86,
      0.86
    ],
    "wue_hourly_factor": [
      1.0,
      1.0,
      1.0,
      1.0,
      1.0,
      1.0,
      1.0,
      1.0,
      1.0,
      1.0,
      1.0,
      1.0,
      1.0,
      1.0,
      1.0,
      1.0,
      1.0,
      1.0,
      1.0,
      1.0,
      1.0,
      1.0,
      1.0,
      1.0
    ]
  },
  "CH": {
    "wue_L_per_kWh": 0.08,
    "grid_g_per_kWh": 50,
    "grid_hourly_factor": [
      0.82,
      0.82,
      0.82,
      0.82,
      0.82,
      0.82,
      0.82,
      0.82,
      0.82,
      0.82,
      0.82,
      0.82,
      0.82,
      0.82,
      0.82,
      0.82,
      0.82,
      0.82,
      0.82,
      0.82,
      0.82,
      0.82,
      0.82,
      0.82
    ],
    "wue_hourly_factor": [
      1.0,
      1.0,
      1.0,
      1.0,
      1.0,
      1.0,
      1.0,
      1.0,
      1.0,
      1.0,
      1.0,
      1.0,
      1.0,
      1.0,
      1.0,
      1.0,
      1.0,
      1.0,
      1.0,
      1.0,
      1.0,
      1.0,
      1.0,
      1.0
    ]
  },
  "AT": {
    "wue_L_per_kWh": 0.1,
    "grid_g_per_kWh": 150,
    "grid_hourly_factor": [
      0.85,
      0.85,
      0.85,
      0.85,
      0.85,
      0.85,
      0.85,
      0.85,
      0.85,
      0.85,
      0.85,
      0.85,
      0.85,
      0.85,
      0.85,
      0.85,
      0.85,
      0.85,
      0.85,
      0.85,
      0.85,
      0.85,
      0.85,
      0.85
    ],
    "wue_hourly_factor": [
      1.0,
      1.0,
      1.0,
      1.0,
      1.0,
      1.0,
      1.0,
      1.0,
      1.0,
      1.0,
      1.0,
      1.0,
      1.0,
      1.0,
      1.0,
      1.0,
      1.0,
      1.0,
      1.0,
      1.0,
      1.0,
      1.0,
      1.0,
      1.0
    ]
  },
  "PL": {
    "wue_L_per_kWh": 0.25,
    "grid_g_per_kWh": 650,
    "grid_hourly_factor": [
      0.95,
      0.95,
      0.95,
      0.95,
      0.95,
      0.95,
      0.95,
      0.95,
      0.95,
      0.95,
      0.95,
      0.95,
      0.95,
      0.95,
      0.95,
      0.95,
      0.95,
      0.95,
      0.95,
      0.95,
      0.95,
      0.95,
      0.95,
      0.95
    ],
    "wue_hourly_factor": [
      1.0,
      1.0,
      1.0,
      1.0,
      1.0,
      1.0,
      1.0,
      1.0,
      1.0,
      1.0,
      1.0,
      1.0,
      1.0,
      1.0,
      1.0,
      1.0,
      1.0,
      1.0,
      1.0,
      1.0,
      1.0,
      1.0,
      1.0,
      1.0
    ]
  },
  "CZ": {
    "wue_L_per_kWh": 0.22,
    "grid_g_per_kWh": 500,
    "grid_hourly_factor": [
      0.95,
      0.95,
      0.95,
      0.95,
      0.95,
      0.95,
      0.95,
      0.95,
      0.95,
      0.95,
      0.95,
      0.95,
      0.95,
      0.95,
      0.95,
      0.95,
      0.95,
      0.95,
      0.95,
      0.95,
      0.95,
      0.95,
      0.95,
      0.95
    ],
    "wue_hourly_factor": [
      1.0,
      1.0,
      1.0,
      1.0,
      1.0,
      1.0,
      1.0,
      1.0,
      1.0,
      1.0,
      1.0,
      1.0,
      1.0,
      1.0,
      1.0,
      1.0,
      1.0,
      1.0,
      1.0,
      1.0,
      1.0,
      1.0,
      1.0,
      1.0
    ]
  },
  "SK": {
    "wue_L_per_kWh": 0.18,
    "grid_g_per_kWh": 250,
    "grid_hourly_factor": [
      0.92,
      0.92,
      0.92,
      0.92,
      0.92,
      0.92,
      0.92,
      0.92,
      0.92,
      0.92,
      0.92,
      0.92,
      0.92,
      0.92,
      0.92,
      0.92,
      0.92,
      0.92,
      0.92,
      0.92,
      0.92,
      0.92,
      0.92,
      0.92
    ],
    "wue_hourly_factor": [
      1.0,
      1.0,
      1.0,
      1.0,
      1.0,
      1.0,
      1.0,
      1.0,
      1.0,
      1.0,
      1.0,
      1.0,
      1.0,
      1.0,
      1.0,
      1.0,
      1.0,
      1.0,
      1.0,
      1.0,
      1.0,
      1.0,
      1.0,
      1.0
    ]
  },
  "HU": {
    "wue_L_per_kWh": 0.2,
    "grid_g_per_kWh": 300,
    "grid_hourly_factor": [
      0.92,
      0.92,
      0.92,
      0.92,
      0.92,
      0.92,
      0.92,
      0.92,
      0.92,
      0.92,
      0.92,
      0.92,
      0.92,
      0.92,
      0.92,
      0.92,
      0.92,
      0.92,
      0.92,
      0.92,
      0.92,
      0.92,
      0.92,
      0.92
    ],
    "wue_hourly_factor": [
      1.0,
      1.0,
      1.0,
      1.0,
      1.0,
      1.0,
      1.0,
      1.0,
      1.0,
      1.0,
      1.0,
      1.0,
      1.0,
      1.0,
      1.0,
      1.0,
      1.0,
      1.0,
      1.0,
      1.0,
      1.0,
      1.0,
      1.0,
      1.0
    ]
  },
  "RO": {
    "wue_L_per_kWh": 0.22,
    "grid_g_per_kWh": 350,
    "grid_hourly_factor": [
      0.95,
      0.95,
      0.95,
      0.95,
      0.95,
      0.95,
      0.95,
      0.95,
      0.95,
      0.95,
      0.95,
      0.95,
      0.95,
      0.95,
      0.95,
      0.95,
      0.95,
      0.95,
      0.95,
      0.95,
      0.95,
      0.95,
      0.95,
      0.95
    ],
    "wue_hourly_factor": [
      1.0,
      1.0,
      1.0,
      1.0,
      1.0,
      1.0,
      1.0,
      1.0,
      1.0,
      1.0,
      1.0,
      1.0,
      1.0,
      1.0,
      1.0,
      1.0,
      1.0,
      1.0,
      1.0,
      1.0,
      1.0,
      1.0,
      1.0,
      1.0
    ]
  },
  "BG": {
    "wue_L_per_kWh": 0.2,
    "grid_g_per_kWh": 450,
    "grid_hourly_factor": [
      0.95,
      0.95,
      0.95,
      0.95,
      0.95,
      0.95,
      0.95,
      0.95,
      0.95,
      0.95,
      0.95,
      0.95,
      0.95,
      0.95,
      0.95,
      0.95,
      0.95,
      0.95,
      0.95,
      0.95,
      0.95,
      0.95,
      0.95,
      0.95
    ],
    "wue_hourly_factor": [
      1.0,
      1.0,
      1.0,
      1.0,
      1.0,
      1.0,
      1.0,
      1.0,
      1.0,
      1.0,
      1.0,
      1.0,
      1.0,
      1.0,
      1.0,
      1.0,
      1.0,
      1.0,
      1.0,
      1.0,
      1.0,
      1.0,
      1.0,
      1.0
    ]
  },
  "GR": {
    "wue_L_per_kWh": 0.2,
    "grid_g_per_kWh": 500,
    "grid_hourly_factor": [
      0.95,
      0.95,
      0.95,
      0.95,
      0.95,
      0.95,
      0.95,
      0.95,
      0.95,
      0.95,
      0.95,
      0.95,
      0.95,
      0.95,
      0.95,
      0.95,
      0.95,
      0.95,
      0.95,
      0.95,
      0.95,
      0.95,
      0.95,
      0.95
    ],
    "wue_hourly_factor": [
      1.0,
      1.0,
      1.0,
      1.0,
      1.0,
      1.0,
      1.0,
      1.0,
      1.0,
      1.0,
      1.0,
      1.0,
      1.0,
      1.0,
      1.0,
      1.0,
      1.0,
      1.0,
      1.0,
      1.0,
      1.0,
      1.0,
      1.0,
      1.0
    ]
  },
  "HR": {
    "wue_L_per_kWh": 0.18,
    "grid_g_per_kWh": 250,
    "grid_hourly_factor": [
      0.92,
      0.92,
      0.92,
      0.92,
      0.92,
      0.92,
      0.92,
      0.92,
      0.92,
      0.92,
      0.92,
      0.92,
      0.92,
      0.92,
      0.92,
      0.92,
      0.92,
      0.92,
      0.92,
      0.92,
      0.92,
      0.92,
      0.92,
      0.92
    ],
    "wue_hourly_factor": [
      1.0,
      1.0,
      1.0,
      1.0,
      1.0,
      1.0,
      1.0,
      1.0,
      1.0,
      1.0,
      1.0,
      1.0,
      1.0,
      1.0,
      1.0,
      1.0,
      1.0,
      1.0,
      1.0,
      1.0,
      1.0,
      1.0,
      1.0,
      1.0
    ]
  },
  "SI": {
    "wue_L_per_kWh": 0.16,
    "grid_g_per_kWh": 200,
    "grid_hourly_factor": [
      0.9,
      0.9,
      0.9,
      0.9,
      0.9,
      0.9,
      0.9,
      0.9,
      0.9,
      0.9,
      0.9,
      0.9,
      0.9,
      0.9,
      0.9,
      0.9,
      0.9,
      0.9,
      0.9,
      0.9,
      0.9,
      0.9,
      0.9,
      0.9
    ],
    "wue_hourly_factor": [
      1.0,
      1.0,
      1.0,
      1.0,
      1.0,
      1.0,
      1.0,
      1.0,
      1.0,
      1.0,
      1.0,
      1.0,
      1.0,
      1.0,
      1.0,
      1.0,
      1.0,
      1.0,
      1.0,
      1.0,
      1.0,
      1.0,
      1.0,
      1.0
    ]
  },
  "EE": {
    "wue_L_per_kWh": 0.2,
    "grid_g_per_kWh": 600,
    "grid_hourly_factor": [
      0.95,
      0.95,
      0.95,
      0.95,
      0.95,
      0.95,
      0.95,
      0.95,
      0.95,
      0.95,
      0.95,
      0.95,
      0.95,
      0.95,
      0.95,
      0.95,
      0.95,
      0.95,
      0.95,
      0.95,
      0.95,
      0.95,
      0.95,
      0.95
    ],
    "wue_hourly_factor": [
      1.0,
      1.0,
      1.0,
      1.0,
      1.0,
      1.0,
      1.0,
      1.0,
      1.0,
      1.0,
      1.0,
      1.0,
      1.0,
      1.0,
      1.0,
      1.0,
      1.0,
      1.0,
      1.0,
      1.0,
      1.0,
      1.0,
      1.0,
      1.0
    ]
  },
  "LV": {
    "wue_L_per_kWh": 0.15,
    "grid_g_per_kWh": 200,
    "grid_hourly_factor": [
      0.9,
      0.9,
      0.9,
      0.9,
      0.9,
      0.9,
      0.9,
      0.9,
      0.9,
      0.9,
      0.9,
      0.9,
      0.9,
      0.9,
      0.9,
      0.9,
      0.9,
      0.9,
      0.9,
      0.9,
      0.9,
      0.9,
      0.9,
      0.9
    ],
    "wue_hourly_factor": [
      1.0,
      1.0,
      1.0,
      1.0,
      1.0,
      1.0,
      1.0,
      1.0,
      1.0,
      1.0,
      1.0,
      1.0,
      1.0,
      1.0,
      1.0,
      1.0,
      1.0,
      1.0,
      1.0,
      1.0,
      1.0,
      1.0,
      1.0,
      1.0
    ]
  },
  "LT": {
    "wue_L_per_kWh": 0.12,
    "grid_g_per_kWh": 150,
    "grid_hourly_factor": [
      0.88,
      0.88,
      0.88,
      0.88,
      0.88,
      0.88,
      0.88,
      0.88,
      0.88,
      0.88,
      0.88,
      0.88,
      0.88,
      0.88,
      0.88,
      0.88,
      0.88,
      0.88,
      0.88,
      0.88,
      0.88,
      0.88,
      0.88,
      0.88
    ],
    "wue_hourly_factor": [
      1.0,
      1.0,
      1.0,
      1.0,
      1.0,
      1.0,
      1.0,
      1.0,
      1.0,
      1.0,
      1.0,
      1.0,
      1.0,
      1.0,
      1.0,
      1.0,
      1.0,
      1.0,
      1.0,
      1.0,
      1.0,
      1.0,
      1.0,
      1.0
    ]
  },
  "DK": {
    "wue_L_per_kWh": 0.1,
    "grid_g_per_kWh": 150,
    "grid_hourly_factor": [
      0.85,
      0.85,
      0.85,
      0.85,
      0.85,
      0.85,
      0.85,
      0.85,
      0.85,
      0.85,
      0.85,
      0.85,
      0.85,
      0.85,
      0.85,
      0.85,
      0.85,
      0.85,
      0.85,
      0.85,
      0.85,
      0.85,
      0.85,
      0.85
    ],
    "wue_hourly_factor": [
      1.0,
      1.0,
      1.0,
      1.0,
      1.0,
      1.0,
      1.0,
      1.0,
      1.0,
      1.0,
      1.0,
      1.0,
      1.0,
      1.0,
      1.0,
      1.0,
      1.0,
      1.0,
      1.0,
      1.0,
      1.0,
      1.0,
      1.0,
      1.0
    ]
  },
  "SE": {
    "wue_L_per_kWh": 0.08,
    "grid_g_per_kWh": 50,
    "grid_hourly_factor": [
      0.82,
      0.82,
      0.82,
      0.82,
      0.82,
      0.82,
      0.82,
      0.82,
      0.82,
      0.82,
      0.82,
      0.82,
      0.82,
      0.82,
      0.82,
      0.82,
      0.82,
      0.82,
      0.82,
      0.82,
      0.82,
      0.82,
      0.82,
      0.82
    ],
    "wue_hourly_factor": [
      1.0,
      1.0,
      1.0,
      1.0,
      1.0,
      1.0,
      1.0,
      1.0,
      1.0,
      1.0,
      1.0,
      1.0,
      1.0,
      1.0,
      1.0,
      1.0,
      1.0,
      1.0,
      1.0,
      1.0,
      1.0,
      1.0,
      1.0,
      1.0
    ]
  },
  "NO": {
    "wue_L_per_kWh": 0.05,
    "grid_g_per_kWh": 40,
    "grid_hourly_factor": [
      0.8,
      0.8,
      0.8,
      0.8,
      0.8,
      0.8,
      0.8,
      0.8,
      0.8,
      0.8,
      0.8,
      0.8,
      0.8,
      0.8,
      0.8,
      0.8,
      0.8,
      0.8,
      0.8,
      0.8,
      0.8,
      0.8,
      0.8,
      0.8
    ],
    "wue_hourly_factor": [
      1.0,
      1.0,
      1.0,
      1.0,
      1.0,
      1.0,
      1.0,
      1.0,
      1.0,
      1.0,
      1.0,
      1.0,
      1.0,
      1.0,
      1.0,
      1.0,
      1.0,
      1.0,
      1.0,
      1.0,
      1.0,
      1.0,
      1.0,
      1.0
    ]
  },
  "FI": {
    "wue_L_per_kWh": 0.1,
    "grid_g_per_kWh": 120,
    "grid_hourly_factor": [
      0.85,
      0.85,
      0.85,
      0.85,
      0.85,
      0.85,
      0.85,
      0.85,
      0.85,
      0.85,
      0.85,
      0.85,
      0.85,
      0.85,
      0.85,
      0.85,
      0.85,
      0.85,
      0.85,
      0.85,
      0.85,
      0.85,
      0.85,
      0.85
    ],
    "wue_hourly_factor": [
      1.0,
      1.0,
      1.0,
      1.0,
      1.0,
      1.0,
      1.0,
      1.0,
      1.0,
      1.0,
      1.0,
      1.0,
      1.0,
      1.0,
      1.0,
      1.0,
      1.0,
      1.0,
      1.0,
      1.0,
      1.0,
      1.0,
      1.0,
      1.0
    ]
  },
  "IS": {
    "wue_L_per_kWh": 0.05,
    "grid_g_per_kWh": 30,
    "grid_hourly_factor": [
      0.8,
      0.8,
      0.8,
      0.8,
      0.8,
      0.8,
      0.8,
      0.8,
      0.8,
      0.8,
      0.8,
      0.8,
      0.8,
      0.8,
      0.8,
      0.8,
      0.8,
      0.8,
      0.8,
      0.8,
      0.8,
      0.8,
      0.8,
      0.8
    ],
    "wue_hourly_factor": [
      1.0,
      1.0,
      1.0,
      1.0,
      1.0,
      1.0,
      1.0,
      1.0,
      1.0,
      1.0,
      1.0,
      1.0,
      1.0,
      1.0,
      1.0,
      1.0,
      1.0,
      1.0,
      1.0,
      1.0,
      1.0,
      1.0,
      1.0,
      1.0
    ]
  },
  "MT": {
    "wue_L_per_kWh": 0.2,
    "grid_g_per_kWh": 350,
    "grid_hourly_factor": [
      0.95,
      0.95,
      0.95,
      0.95,
      0.95,
      0.95,
      0.95,
      0.95,
      0.95,
      0.95,
      0.95,
      0.95,
      0.95,
      0.95,
      0.95,
      0.95,
      0.95,
      0.95,
      0.95,
      0.95,
      0.95,
      0.95,
      0.95,
      0.95
    ],
    "wue_hourly_factor": [
      1.0,
      1.0,
      1.0,
      1.0,
      1.0,
      1.0,
      1.0,
      1.0,
      1.0,
      1.0,
      1.0,
      1.0,
      1.0,
      1.0,
      1.0,
      1.0,
      1.0,
      1.0,
      1.0,
      1.0,
      1.0,
      1.0,
      1.0,
      1.0
    ]
  },
  "CY": {
    "wue_L_per_kWh": 0.25,
    "grid_g_per_kWh": 600,
    "grid_hourly_factor": [
      0.98,
      0.98,
      0.98,
      0.98,
      0.98,
      0.98,
      0.98,
      0.98,
      0.98,
      0.98,
      0.98,
      0.98,
      0.98,
      0.98,
      0.98,
      0.98,
      0.98,
      0.98,
      0.98,
      0.98,
      0.98,
      0.98,
      0.98,
      0.98
    ],
    "wue_hourly_factor": [
      1.0,
      1.0,
      1.0,
      1.0,
      1.0,
      1.0,
      1.0,
      1.0,
      1.0,
      1.0,
      1.0,
      1.0,
      1.0,
      1.0,
      1.0,
      1.0,
      1.0,
      1.0,
      1.0,
      1.0,
      1.0,
      1.0,
      1.0,
      1.0
    ]
  },
  "TR": {
    "wue_L_per_kWh": 0.22,
    "grid_g_per_kWh": 450,
    "grid_hourly_factor": [
      0.95,
      0.95,
      0.95,
      0.95,
      0.95,
      0.95,
      0.95,
      0.95,
      0.95,
      0.95,
      0.95,
      0.95,
      0.95,
      0.95,
      0.95,
      0.95,
      0.95,
      0.95,
      0.95,
      0.95,
      0.95,
      0.95,
      0.95,
      0.95
    ],
    "wue_hourly_factor": [
      1.0,
      1.0,
      1.0,
      1.0,
      1.0,
      1.0,
      1.0,
      1.0,
      1.0,
      1.0,
      1.0,
      1.0,
      1.0,
      1.0,
      1.0,
      1.0,
      1.0,
      1.0,
      1.0,
      1.0,
      1.0,
      1.0,
      1.0,
      1.0
    ]
  },
  "UA": {
    "wue_L_per_kWh": 0.22,
    "grid_g_per_kWh": 400,
    "grid_hourly_factor": [
      0.95,
      0.95,
      0.95,
      0.95,
      0.95,
      0.95,
      0.95,
      0.95,
      0.95,
      0.95,
      0.95,
      0.95,
      0.95,
      0.95,
      0.95,
      0.95,
      0.95,
      0.95,
      0.95,
      0.95,
      0.95,
      0.95,
      0.95,
      0.95
    ],
    "wue_hourly_factor": [
      1.0,
      1.0,
      1.0,
      1.0,
      1.0,
      1.0,
      1.0,
      1.0,
      1.0,
      1.0,
      1.0,
      1.0,
      1.0,
      1.0,
      1.0,
      1.0,
      1.0,
      1.0,
      1.0,
      1.0,
      1.0,
      1.0,
      1.0,
      1.0
    ]
  },
  "RS": {
    "wue_L_per_kWh": 0.22,
    "grid_g_per_kWh": 500,
    "grid_hourly_factor": [
      0.95,
      0.95,
      0.95,
      0.95,
      0.95,
      0.95,
      0.95,
      0.95,
      0.95,
      0.95,
      0.95,
      0.95,
      0.95,
      0.95,
      0.95,
      0.95,
      0.95,
      0.95,
      0.95,
      0.95,
      0.95,
      0.95,
      0.95,
      0.95
    ],
    "wue_hourly_factor": [
      1.0,
      1.0,
      1.0,
      1.0,
      1.0,
      1.0,
      1.0,
      1.0,
      1.0,
      1.0,
      1.0,
      1.0,
      1.0,
      1.0,
      1.0,
      1.0,
      1.0,
      1.0,
      1.0,
      1.0,
      1.0,
      1.0,
      1.0,
      1.0
    ]
  },
  "BA": {
    "wue_L_per_kWh": 0.22,
    "grid_g_per_kWh": 600,
    "grid_hourly_factor": [
      0.95,
      0.95,
      0.95,
      0.95,
      0.95,
      0.95,
      0.95,
      0.95,
      0.95,
      0.95,
      0.95,
      0.95,
      0.95,
      0.95,
      0.95,
      0.95,
      0.95,
      0.95,
      0.95,
      0.95,
      0.95,
      0.95,
      0.95,
      0.95
    ],
    "wue_hourly_factor": [
      1.0,
      1.0,
      1.0,
      1.0,
      1.0,
      1.0,
      1.0,
      1.0,
      1.0,
      1.0,
      1.0,
      1.0,
      1.0,
      1.0,
      1.0,
      1.0,
      1.0,
      1.0,
      1.0,
      1.0,
      1.0,
      1.0,
      1.0,
      1.0
    ]
  },
  "AL": {
    "wue_L_per_kWh": 0.2,
    "grid_g_per_kWh": 300,
    "grid_hourly_factor": [
      0.9,
      0.9,
      0.9,
      0.9,
      0.9,
      0.9,
      0.9,
      0.9,
      0.9,
      0.9,
      0.9,
      0.9,
      0.9,
      0.9,
      0.9,
      0.9,
      0.9,
      0.9,
      0.9,
      0.9,
      0.9,
      0.9,
      0.9,
      0.9
    ],
    "wue_hourly_factor": [
      1.0,
      1.0,
      1.0,
      1.0,
      1.0,
      1.0,
      1.0,
      1.0,
      1.0,
      1.0,
      1.0,
      1.0,
      1.0,
      1.0,
      1.0,
      1.0,
      1.0,
      1.0,
      1.0,
      1.0,
      1.0,
      1.0,
      1.0,
      1.0
    ]
  },
  "IN": {
    "wue_L_per_kWh": 0.4,
    "grid_g_per_kWh": 750,
    "grid_hourly_factor": [
      1.0,
      1.0,
      1.0,
      1.0,
      1.0,
      1.0,
      1.0,
      1.0,
      1.0,
      1.0,
      1.0,
      1.0,
      1.0,
      1.0,
      1.0,
      1.0,
      1.0,
      1.0,
      1.0,
      1.0,
      1.0,
      1.0,
      1.0,
      1.0
    ],
    "wue_hourly_factor": [
      1.0,
      1.0,
      1.0,
      1.0,
      1.0,
      1.0,
      1.0,
      1.0,
      1.0,
      1.0,
      1.0,
      1.0,
      1.0,
      1.0,
      1.0,
      1.0,
      1.0,
      1.0,
      1.0,
      1.0,
      1.0,
      1.0,
      1.0,
      1.0
    ]
  },
  "AU": {
    "wue_L_per_kWh": 0.35,
    "grid_g_per_kWh": 600,
    "grid_hourly_factor": [
      0.98,
      0.98,
      0.98,
      0.98,
      0.98,
      0.98,
      0.98,
      0.98,
      0.98,
      0.98,
      0.98,
      0.98,
      0.98,
      0.98,
      0.98,
      0.98,
      0.98,
      0.98,
      0.98,
      0.98,
      0.98,
      0.98,
      0.98,
      0.98
    ],
    "wue_hourly_factor": [
      1.0,
      1.0,
      1.0,
      1.0,
      1.0,
      1.0,
      1.0,
      1.0,
      1.0,
      1.0,
      1.0,
      1.0,
      1.0,
      1.0,
      1.0,
      1.0,
      1.0,
      1.0,
      1.0,
      1.0,
      1.0,
      1.0,
      1.0,
      1.0
    ]
  },
  "NZ": {
    "wue_L_per_kWh": 0.12,
    "grid_g_per_kWh": 100,
    "grid_hourly_factor": [
      0.85,
      0.85,
      0.85,
      0.85,
      0.85,
      0.85,
      0.85,
      0.85,
      0.85,
      0.85,
      0.85,
      0.85,
      0.85,
      0.85,
      0.85,
      0.85,
      0.85,
      0.85,
      0.85,
      0.85,
      0.85,
      0.85,
      0.85,
      0.85
    ],
    "wue_hourly_factor": [
      1.0,
      1.0,
      1.0,
      1.0,
      1.0,
      1.0,
      1.0,
      1.0,
      1.0,
      1.0,
      1.0,
      1.0,
      1.0,
      1.0,
      1.0,
      1.0,
      1.0,
      1.0,
      1.0,
      1.0,
      1.0,
      1.0,
      1.0,
      1.0
    ]
  },
  "CN": {
    "wue_L_per_kWh": 0.35,
    "grid_g_per_kWh": 600,
    "grid_hourly_factor": [
      1.0,
      1.0,
      1.0,
      1.0,
      1.0,
      1.0,
      1.0,
      1.0,
      1.0,
      1.0,
      1.0,
      1.0,
      1.0,
      1.0,
      1.0,
      1.0,
      1.0,
      1.0,
      1.0,
      1.0,
      1.0,
      1.0,
      1.0,
      1.0
    ],
    "wue_hourly_factor": [
      1.0,
      1.0,
      1.0,
      1.0,
      1.0,
      1.0,
      1.0,
      1.0,
      1.0,
      1.0,
      1.0,
      1.0,
      1.0,
      1.0,
      1.0,
      1.0,
      1.0,
      1.0,
      1.0,
      1.0,
      1.0,
      1.0,
      1.0,
      1.0
    ]
  },
  "JP": {
    "wue_L_per_kWh": 0.25,
    "grid_g_per_kWh": 450,
    "grid_hourly_factor": [
      0.98,
      0.98,
      0.98,
      0.98,
      0.98,
      0.98,
      0.98,
      0.98,
      0.98,
      0.98,
      0.98,
      0.98,
      0.98,
      0.98,
      0.98,
      0.98,
      0.98,
      0.98,
      0.98,
      0.98,
      0.98,
      0.98,
      0.98,
      0.98
    ],
    "wue_hourly_factor": [
      1.0,
      1.0,
      1.0,
      1.0,
      1.0,
      1.0,
      1.0,
      1.0,
      1.0,
      1.0,
      1.0,
      1.0,
      1.0,
      1.0,
      1.0,
      1.0,
      1.0,
      1.0,
      1.0,
      1.0,
      1.0,
      1.0,
      1.0,
      1.0
    ]
  },
  "KR": {
    "wue_L_per_kWh": 0.25,
    "grid_g_per_kWh": 500,
    "grid_hourly_factor": [
      0.98,
      0.98,
      0.98,
      0.98,
      0.98,
      0.98,
      0.98,
      0.98,
      0.98,
      0.98,
      0.98,
      0.98,
      0.98,
      0.98,
      0.98,
      0.98,
      0.98,
      0.98,
      0.98,
      0.98,
      0.98,
      0.98,
      0.98,
      0.98
    ],
    "wue_hourly_factor": [
      1.0,
      1.0,
      1.0,
      1.0,
      1.0,
      1.0,
      1.0,
      1.0,
      1.0,
      1.0,
      1.0,
      1.0,
      1.0,
      1.0,
      1.0,
      1.0,
      1.0,
      1.0,
      1.0,
      1.0,
      1.0,
      1.0,
      1.0,
      1.0
    ]
  },
  "SG": {
    "wue_L_per_kWh": 0.3,
    "grid_g_per_kWh": 400,
    "grid_hourly_factor": [
      0.98,
      0.98,
      0.98,
      0.98,
      0.98,
      0.98,
      0.98,
      0.98,
      0.98,
      0.98,
      0.98,
      0.98,
      0.98,
      0.98,
      0.98,
      0.98,
      0.98,
      0.98,
      0.98,
      0.98,
      0.98,
      0.98,
      0.98,
      0.98
    ],
    "wue_hourly_factor": [
      1.0,
      1.0,
      1.0,
      1.0,
      1.0,
      1.0,
      1.0,
      1.0,
      1.0,
      1.0,
      1.0,
      1.0,
      1.0,
      1.0,
      1.0,
      1.0,
      1.0,
      1.0,
      1.0,
      1.0,
      1.0,
      1.0,
      1.0,
      1.0
    ]
  },
  "MY": {
    "wue_L_per_kWh": 0.28,
    "grid_g_per_kWh": 600,
    "grid_hourly_factor": [
      1.0,
      1.0,
      1.0,
      1.0,
      1.0,
      1.0,
      1.0,
      1.0,
      1.0,
      1.0,
      1.0,
      1.0,
      1.0,
      1.0,
      1.0,
      1.0,
      1.0,
      1.0,
      1.0,
      1.0,
      1.0,
      1.0,
      1.0,
      1.0
    ],
    "wue_hourly_factor": [
      1.0,
      1.0,
      1.0,
      1.0,
      1.0,
      1.0,
      1.0,
      1.0,
      1.0,
      1.0,
      1.0,
      1.0,
      1.0,
      1.0,
      1.0,
      1.0,
      1.0,
      1.0,
      1.0,
      1.0,
      1.0,
      1.0,
      1.0,
      1.0
    ]
  },
  "ID": {
    "wue_L_per_kWh": 0.35,
    "grid_g_per_kWh": 700,
    "grid_hourly_factor": [
      1.0,
      1.0,
      1.0,
      1.0,
      1.0,
      1.0,
      1.0,
      1.0,
      1.0,
      1.0,
      1.0,
      1.0,
      1.0,
      1.0,
      1.0,
      1.0,
      1.0,
      1.0,
      1.0,
      1.0,
      1.0,
      1.0,
      1.0,
      1.0
    ],
    "wue_hourly_factor": [
      1.0,
      1.0,
      1.0,
      1.0,
      1.0,
      1.0,
      1.0,
      1.0,
      1.0,
      1.0,
      1.0,
      1.0,
      1.0,
      1.0,
      1.0,
      1.0,
      1.0,
      1.0,
      1.0,
      1.0,
      1.0,
      1.0,
      1.0,
      1.0
    ]
  },
  "TH": {
    "wue_L_per_kWh": 0.28,
    "grid_g_per_kWh": 500,
    "grid_hourly_factor": [
      0.98,
      0.98,
      0.98,
      0.98,
      0.98,
      0.98,
      0.98,
      0.98,
      0.98,
      0.98,
      0.98,
      0.98,
      0.98,
      0.98,
      0.98,
      0.98,
      0.98,
      0.98,
      0.98,
      0.98,
      0.98,
      0.98,
      0.98,
      0.98
    ],
    "wue_hourly_factor": [
      1.0,
      1.0,
      1.0,
      1.0,
      1.0,
      1.0,
      1.0,
      1.0,
      1.0,
      1.0,
      1.0,
      1.0,
      1.0,
      1.0,
      1.0,
      1.0,
      1.0,
      1.0,
      1.0,
      1.0,
      1.0,
      1.0,
      1.0,
      1.0
    ]
  },
  "VN": {
    "wue_L_per_kWh": 0.25,
    "grid_g_per_kWh": 450,
    "grid_hourly_factor": [
      0.98,
      0.98,
      0.98,
      0.98,
      0.98,
      0.98,
      0.98,
      0.98,
      0.98,
      0.98,
      0.98,
      0.98,
      0.98,
      0.98,
      0.98,
      0.98,
      0.98,
      0.98,
      0.98,
      0.98,
      0.98,
      0.98,
      0.98,
      0.98
    ],
    "wue_hourly_factor": [
      1.0,
      1.0,
      1.0,
      1.0,
      1.0,
      1.0,
      1.0,
      1.0,
      1.0,
      1.0,
      1.0,
      1.0,
      1.0,
      1.0,
      1.0,
      1.0,
      1.0,
      1.0,
      1.0,
      1.0,
      1.0,
      1.0,
      1.0,
      1.0
    ]
  },
  "PH": {
    "wue_L_per_kWh": 0.3,
    "grid_g_per_kWh": 600,
    "grid_hourly_factor": [
      1.0,
      1.0,
      1.0,
      1.0,
      1.0,
      1.0,
      1.0,
      1.0,
      1.0,
      1.0,
      1.0,
      1.0,
      1.0,
      1.0,
      1.0,
      1.0,
      1.0,
      1.0,
      1.0,
      1.0,
      1.0,
      1.0,
      1.0,
      1.0
    ],
    "wue_hourly_factor": [
      1.0,
      1.0,
      1.0,
      1.0,
      1.0,
      1.0,
      1.0,
      1.0,
      1.0,
      1.0,
      1.0,
      1.0,
      1.0,
      1.0,
      1.0,
      1.0,
      1.0,
      1.0,
      1.0,
      1.0,
      1.0,
      1.0,
      1.0,
      1.0
    ]
  },
  "AE": {
    "wue_L_per_kWh": 0.5,
    "grid_g_per_kWh": 500,
    "grid_hourly_factor": [
      1.0,
      1.0,
      1.0,
      1.0,
      1.0,
      1.0,
      1.0,
      1.0,
      1.0,
      1.0,
      1.0,
      1.0,
      1.0,
      1.0,
      1.0,
      1.0,
      1.0,
      1.0,
      1.0,
      1.0,
      1.0,
      1.0,
      1.0,
      1.0
    ],
    "wue_hourly_factor": [
      1.0,
      1.0,
      1.0,
      1.0,
      1.0,
      1.0,
      1.0,
      1.0,
      1.0,
      1.0,
      1.0,
      1.0,
      1.0,
      1.0,
      1.0,
      1.0,
      1.0,
      1.0,
      1.0,
      1.0,
      1.0,
      1.0,
      1.0,
      1.0
    ]
  },
  "SA": {
    "wue_L_per_kWh": 0.55,
    "grid_g_per_kWh": 600,
    "grid_hourly_factor": [
      1.0,
      1.0,
      1.0,
      1.0,
      1.0,
      1.0,
      1.0,
      1.0,
      1.0,
      1.0,
      1.0,
      1.0,
      1.0,
      1.0,
      1.0,
      1.0,
      1.0,
      1.0,
      1.0,
      1.0,
      1.0,
      1.0,
      1.0,
      1.0
    ],
    "wue_hourly_factor": [
      1.0,
      1.0,
      1.0,
      1.0,
      1.0,
      1.0,
      1.0,
      1.0,
      1.0,
      1.0,
      1.0,
      1.0,
      1.0,
      1.0,
      1.0,
      1.0,
      1.0,
      1.0,
      1.0,
      1.0,
      1.0,
      1.0,
      1.0,
      1.0
    ]
  },
  "IL": {
    "wue_L_per_kWh": 0.35,
    "grid_g_per_kWh": 400,
    "grid_hourly_factor": [
      0.98,
      0.98,
      0.98,
      0.98,
      0.98,
      0.98,
      0.98,
      0.98,
      0.98,
      0.98,
      0.98,
      0.98,
      0.98,
      0.98,
      0.98,
      0.98,
      0.98,
      0.98,
      0.98,
      0.98,
      0.98,
      0.98,
      0.98,
      0.98
    ],
    "wue_hourly_factor": [
      1.0,
      1.0,
      1.0,
      1.0,
      1.0,
      1.0,
      1.0,
      1.0,
      1.0,
      1.0,
      1.0,
      1.0,
      1.0,
      1.0,
      1.0,
      1.0,
      1.0,
      1.0,
      1.0,
      1.0,
      1.0,
      1.0,
      1.0,
      1.0
    ]
  },
  "EG": {
    "wue_L_per_kWh": 0.4,
    "grid_g_per_kWh": 500,
    "grid_hourly_factor": [
      1.0,
      1.0,
      1.0,
      1.0,
      1.0,
      1.0,
      1.0,
      1.0,
      1.0,
      1.0,
      1.0,
      1.0,
      1.0,
      1.0,
      1.0,
      1.0,
      1.0,
      1.0,
      1.0,
      1.0,
      1.0,
      1.0,
      1.0,
      1.0
    ],
    "wue_hourly_factor": [
      1.0,
      1.0,
      1.0,
      1.0,
      1.0,
      1.0,
      1.0,
      1.0,
      1.0,
      1.0,
      1.0,
      1.0,
      1.0,
      1.0,
      1.0,
      1.0,
      1.0,
      1.0,
      1.0,
      1.0,
      1.0,
      1.0,
      1.0,
      1.0
    ]
  },
  "ZA": {
    "wue_L_per_kWh": 0.45,
    "grid_g_per_kWh": 850,
    "grid_hourly_factor": [
      1.05,
      1.05,
      1.05,
      1.05,
      1.05,
      1.05,
      1.05,
      1.05,
      1.05,
      1.05,
      1.05,
      1.05,
      1.05,
      1.05,
      1.05,
      1.05,
      1.05,
      1.05,
      1.05,
      1.05,
      1.05,
      1.05,
      1.05,
      1.05
    ],
    "wue_hourly_factor": [
      1.0,
      1.0,
      1.0,
      1.0,
      1.0,
      1.0,
      1.0,
      1.0,
      1.0,
      1.0,
      1.0,
      1.0,
      1.0,
      1.0,
      1.0,
      1.0,
      1.0,
      1.0,
      1.0,
      1.0,
      1.0,
      1.0,
      1.0,
      1.0
    ]
  },
  "NG": {
    "wue_L_per_kWh": 0.4,
    "grid_g_per_kWh": 600,
    "grid_hourly_factor": [
      1.0,
      1.0,
      1.0,
      1.0,
      1.0,
      1.0,
      1.0,
      1.0,
      1.0,
      1.0,
      1.0,
      1.0,
      1.0,
      1.0,
      1.0,
      1.0,
      1.0,
      1.0,
      1.0,
      1.0,
      1.0,
      1.0,
      1.0,
      1.0
    ],
    "wue_hourly_factor": [
      1.0,
      1.0,
      1.0,
      1.0,
      1.0,
      1.0,
      1.0,
      1.0,
      1.0,
      1.0,
      1.0,
      1.0,
      1.0,
      1.0,
      1.0,
      1.0,
      1.0,
      1.0,
      1.0,
      1.0,
      1.0,
      1.0,
      1.0,
      1.0
    ]
  },
  "KE": {
    "wue_L_per_kWh": 0.3,
    "grid_g_per_kWh": 200,
    "grid_hourly_factor": [
      0.95,
      0.95,
      0.95,
      0.95,
      0.95,
      0.95,
      0.95,
      0.95,
      0.95,
      0.95,
      0.95,
      0.95,
      0.95,
      0.95,
      0.95,
      0.95,
      0.95,
      0.95,
      0.95,
      0.95,
      0.95,
      0.95,
      0.95,
      0.95
    ],
    "wue_hourly_factor": [
      1.0,
      1.0,
      1.0,
      1.0,
      1.0,
      1.0,
      1.0,
      1.0,
      1.0,
      1.0,
      1.0,
      1.0,
      1.0,
      1.0,
      1.0,
      1.0,
      1.0,
      1.0,
      1.0,
      1.0,
      1.0,
      1.0,
      1.0,
      1.0
    ]
  }
}